{"cameraMode":{"drawMode":0,"name":"Shaded","section":"Shading Mode"},"sceneLighting":true,"audioPlay":false,"sceneViewState":{"m_AlwaysRefresh":false,"showFog":true,"showSkybox":true,"showFlares":true,"showImageEffects":true,"showParticleSystems":true,"showVisualEffectGraphs":true,"m_FxEnabled":true},"in2DMode":false,"pivot":{"x":-6.336742401123047,"y":10.163177490234375,"z":1.4089832305908204},"rotation":{"x":-0.054419659078121188,"y":0.8946933150291443,"z":-0.11361321061849594,"w":-0.4285494387149811},"size":26.238935470581056,"orthographic":false}